"0","# Create a summary table using your county reliability data"
"0","# Include: county name, median income, MOE percentage, reliability category"
"0",""
"0","# Add a new column with algorithm recommendations using case_when():"
"0","# - High Confidence: ""Safe for algorithmic decisions"""
"0","# - Moderate Confidence: ""Use with caution - monitor outcomes""  "
"0","# - Low Confidence: ""Requires manual review or additional data"""
"0",""
"0","specific_recommendations <- ny_reliability %>%"
"0","  select(NAME, median_h_incomeE, moe_percentage, reliability) %>%"
"0","  mutate("
"0","    algorithm_rec = case_when("
"0","      reliability == ""High Confidence"" ~ ""Safe for algorithmic decisions"","
"0","      reliability == ""Moderate Confidence"" ~ ""Use with caution - monitor outcomes"","
"0","      reliability == ""Low Confidence"" ~ ""Requires manual review or additional data"""
"0","    )"
"0","  )"
"0",""
"0","# Format as a professional table with kable()"
"0","kable(specific_recommendations,"
"0","      col.names = c(""County"", ""Median Household Income"", ""MOE"", ""Reliability Interpretation"", ""Algorithm Recommendation""),"
"0","      caption = ""Decision Framework for Algorithm Implementation Across New York State Counties"","
"0","      format.args = list(big.mark = "","")"
"0",")"
